[
    { "version": "v0.1.5", "size": 1079472 },
    { "version": "v0.1.6", "size": 1153216 },
    { "version": "v0.1.7", "size": 1153216 },
    { "version": "v0.2.0", "size": 1222832 },
    { "version": "v0.2.2", "size": 1267888 },
    { "version": "v0.2.2", "size": 1382592 },
    { "version": "v0.2.3", "size": 1489088 },
    { "version": "v0.3.4", "size": 1949016 },
    { "version": "v0.4.0", "size": 1973592 },
    { "version": "v0.5.0", "size": 1973592 },
    { "version": "v0.5.1", "size": 1969496 },
    { "version": "v0.6.0", "size": 1998168 },
    { "version": "v0.7.0", "size": 2030936 },
    { "version": "v0.8.0", "size": 2030936 },
    { "version": "v0.8.1", "size": 2030936 },
    { "version": "v0.8.2", "size": 1858608 },
    { "version": "v0.8.3", "size": 1870912 },
    { "version": "v0.8.4", "size": 1870912 },
    { "version": "v0.9.0", "size": 1870912 },
    { "version": "v0.9.1", "size": 1870912 },
    { "version": "v0.9.2", "size": 1870912 },
    { "version": "v0.9.3", "size": 1870912 },
    { "version": "v0.9.4", "size": 1870912 },
    { "version": "v0.9.5", "size": 1969232 },
    { "version": "v0.9.6", "size": 1965136 },
    { "version": "v0.9.7", "size": 1785104 },
    { "version": "v0.9.8", "size": 1776912 },
    { "version": "v0.10.0", "size": 2055480 },
    { "version": "v0.11.0", "size": 2112824 },
    { "version": "v0.12.0", "size": 2133304 },
    { "version": "v0.12.1", "size": 2129208 },
    { "version": "v0.12.2", "size": 2125112 },
    { "version": "v0.12.3", "size": 2133304 },
    { "version": "v0.13.0", "size": 2133304 },
    { "version": "v0.14.0", "size": 2133304 },
    { "version": "v0.15.0", "size": 2121016 },
    { "version": "v0.15.1", "size": 2121016 },
    { "version": "v0.16.0", "size": 2166072 },
    { "version": "v0.17.0", "size": 2190648 },
    { "version": "v0.18.0", "size": 2268472 },
    { "version": "v0.19.0", "size": 2579480 },
    { "version": "v0.19.1", "size": 2567344 },
    { "version": "v0.19.2", "size": 2579632 },
    { "version": "v0.19.3", "size": 2579632 },
    { "version": "v0.20.0", "size": 2583728 },
    { "version": "v0.21.0", "size": 2571440 },
    { "version": "v0.21.1", "size": 2571440 },
    { "version": "v0.22.0", "size": 2610640 },
    { "version": "v0.22.1", "size": 2609256 },
    { "version": "v0.22.2", "size": 2611272 },
    { "version": "v0.23.0", "size": 2779088 },
    { "version": "v0.23.1", "size": 2780224 },
    { "version": "v0.24.0", "size": 3059680 },
    { "version": "v0.25.0", "size": 3057944 },
    { "version": "v0.26.0", "size": 2975616 },
    { "version": "v0.28.0", "size": 2994000 },
    { "version": "v0.28.1", "size": 2994000 },
    { "version": "v0.29.0", "size": 2993872 },
    { "version": "v0.30.0", "size": 2996056 },
    { "version": "v0.30.2", "size": 2993944 },
    { "version": "v0.31.0", "size": 2984472 },
    { "version": "v0.32.0", "size": 2989712 },
    { "version": "v0.32.1", "size": 3058720 },
    { "version": "v0.33.0", "size": 3110976 },
    { "version": "v0.34.0", "size": 3049528 },
    { "version": "v0.35.0", "size": 3043000 },
    { "version": "v0.36.0", "size": 3245104 },
    { "version": "v0.36.1", "size": 3243984 },
    { "version": "v0.37.0", "size": 3337416 },
    { "version": "v0.38.0", "size": 3341992 },
    { "version": "v0.39.0", "size": 3347024 },
    { "version": "v0.39.2", "size": 3317336 },
    { "version": "v0.39.3", "size": 3321728 },
    { "version": "v0.40.0", "size": 3667720 },
    { "version": "v0.40.1", "size": 3676408 },
    { "version": "v0.41.0", "size": 3880136 },
    { "version": "v0.41.1", "size": 3885624 },
    { "version": "v0.41.2", "size": 3888200 },
    { "version": "v0.42.0", "size": 3971632 },
    { "version": "v0.43.0", "size": 4228336 },
    { "version": "v0.44.0", "size": 4249088 },
    { "version": "v0.45.0", "size": 4207080 }
]
